time,open,high,low,close,tick_volume,spread,real_volume
1724368140,1.11094,1.11104,1.11094,1.11098,9,0,0
1724368200,1.11098,1.11098,1.11094,1.1109499999999999,19,0,0
1724368260,1.1109499999999999,1.11099,1.1109499999999999,1.11097,20,0,0
1724368320,1.11097,1.11105,1.11096,1.11105,17,0,0
1724368380,1.11105,1.11107,1.11103,1.11104,16,0,0
1724368440,1.11104,1.11105,1.11097,1.11097,8,0,0
1724368500,1.11097,1.11099,1.1109499999999999,1.11097,7,0,0
1724368560,1.11097,1.111,1.11097,1.111,5,0,0
1724368620,1.111,1.111,1.11097,1.11097,8,0,0
1724368680,1.11097,1.11099,1.11096,1.11097,11,0,0
1724368740,1.11097,1.11097,1.11094,1.1109499999999999,14,0,0
1724368800,1.1109499999999999,1.1109499999999999,1.11088,1.11088,6,0,0
1724368860,1.11088,1.11088,1.11084,1.1108500000000001,4,0,0
1724368920,1.1108500000000001,1.1108500000000001,1.11084,1.11084,10,0,0
1724368980,1.11084,1.1108500000000001,1.11083,1.11084,8,0,0
1724369040,1.11084,1.1108500000000001,1.11078,1.11078,10,0,0
1724369100,1.11078,1.11079,1.11077,1.11078,9,0,0
1724369160,1.11078,1.11078,1.11077,1.11077,6,0,0
1724369220,1.11077,1.11078,1.11077,1.11078,4,0,0
1724369280,1.11078,1.11084,1.11078,1.11084,10,0,0
1724369340,1.11084,1.11084,1.11078,1.11082,15,0,0
1724369400,1.11082,1.11088,1.11082,1.11087,16,0,0
1724369460,1.11087,1.11098,1.11086,1.11098,11,0,0
1724369520,1.11098,1.11108,1.11098,1.11108,35,1,0
1724369580,1.1111,1.11116,1.11109,1.11113,13,0,0
1724369640,1.11113,1.11113,1.11109,1.11109,13,0,0
1724369700,1.1111,1.11111,1.11108,1.11109,8,0,0
1724369760,1.11108,1.11108,1.11105,1.11106,6,0,0
1724369820,1.11107,1.11107,1.11105,1.11106,7,0,0
1724369880,1.11106,1.11112,1.11106,1.11111,9,0,0
1724369940,1.11112,1.11115,1.1111,1.11111,12,0,0
1724370000,1.1111,1.11112,1.11109,1.11111,9,1,0
1724370060,1.1111,1.11111,1.11106,1.11106,8,1,0
1724370120,1.11107,1.11109,1.11105,1.11107,8,1,0
1724370180,1.11106,1.11107,1.11106,1.11107,4,0,0
1724370240,1.11107,1.11107,1.11105,1.11106,4,0,0
1724370300,1.11106,1.1111,1.11106,1.11108,10,0,0
1724370360,1.11107,1.11112,1.11106,1.11112,12,0,0
1724370420,1.11113,1.1112,1.11113,1.11118,11,0,0
1724370480,1.11119,1.11119,1.11116,1.11116,6,0,0
1724370540,1.11116,1.11117,1.11116,1.11117,2,1,0
1724370600,1.11117,1.11118,1.11115,1.11117,14,0,0
1724370660,1.11119,1.11121,1.11118,1.1112,19,0,0
1724370720,1.1112,1.11121,1.11116,1.11116,7,0,0
1724370780,1.11115,1.11116,1.1111,1.11113,16,0,0
1724370840,1.11114,1.11114,1.1111,1.11111,9,0,0
1724370900,1.11111,1.11113,1.1111,1.11113,4,1,0
1724370960,1.11113,1.11126,1.11113,1.11125,15,1,0
1724371020,1.11126,1.11131,1.1112,1.11122,35,1,0
1724371080,1.11122,1.11123,1.11111,1.11113,16,1,0
1724371200,1.1112,1.1112,1.11038,1.11038,5,7,0
1724371260,1.11038,1.11055,1.11038,1.1104,3,91,0
1724371320,1.11052,1.11052,1.1104,1.1104,2,95,0
1724371380,1.11049,1.11056,1.11036,1.11036,6,87,0
1724371440,1.11042,1.11099,1.11042,1.11097,6,56,0
1724371500,1.11096,1.11116,1.11096,1.11109,19,11,0
1724371560,1.11109,1.11113,1.11106,1.11106,17,17,0
1724371620,1.11106,1.11115,1.11106,1.11113,4,13,0
1724371680,1.11112,1.11117,1.1111,1.11117,11,14,0
1724371740,1.11117,1.11121,1.11114,1.11115,5,16,0
1724371800,1.11117,1.1112,1.11113,1.11115,8,16,0
1724371860,1.11117,1.11117,1.11114,1.11114,4,17,0
1724371920,1.11112,1.11116,1.11112,1.11113,9,15,0
1724371980,1.11113,1.11116,1.11113,1.11115,3,16,0
1724372040,1.11112,1.11115,1.1111,1.11111,8,17,0
1724372100,1.11109,1.11113,1.11109,1.1111,7,17,0
1724372160,1.11109,1.11112,1.11107,1.1111,11,16,0
1724372220,1.1111,1.11113,1.11109,1.11112,16,15,0
1724372280,1.11112,1.11113,1.11109,1.11109,7,16,0
1724372340,1.11109,1.11113,1.11108,1.11108,39,16,0
1724372400,1.11108,1.11108,1.11106,1.11107,6,17,0
1724372460,1.11107,1.11108,1.11107,1.11108,2,15,0
1724372520,1.11108,1.11109,1.11107,1.11109,6,15,0
1724372580,1.1111,1.11111,1.11107,1.11109,14,14,0
1724372640,1.11111,1.11111,1.11108,1.1111,6,15,0
1724372700,1.11111,1.11111,1.11108,1.11109,56,15,0
1724372760,1.11109,1.11111,1.11108,1.1111,6,16,0
1724372820,1.11108,1.11109,1.11107,1.11107,11,17,0
1724372880,1.11107,1.1111,1.11107,1.11109,19,17,0
1724372940,1.11109,1.11111,1.11107,1.11107,28,12,0
1724373000,1.11107,1.11109,1.11104,1.11109,17,11,0
1724373060,1.1111,1.11111,1.11105,1.1111,15,13,0
1724373120,1.11109,1.11112,1.11109,1.11111,12,14,0
1724373180,1.11111,1.11112,1.11111,1.11112,4,14,0
1724373240,1.1111,1.11112,1.11109,1.11112,9,14,0
1724373300,1.1111,1.11112,1.11109,1.11112,8,14,0
1724373360,1.11108,1.11112,1.11097,1.11109,28,6,0
1724373420,1.1111,1.11111,1.11097,1.11109,16,12,0
1724373480,1.11109,1.11111,1.11108,1.11111,5,12,0
1724373540,1.1111,1.11111,1.1111,1.1111,5,12,0
1724373600,1.1111,1.11111,1.11109,1.11111,6,12,0
1724373720,1.1111,1.11111,1.11105,1.11108,19,12,0
1724373780,1.11109,1.11111,1.11106,1.11109,16,12,0
1724373840,1.1111,1.11111,1.11106,1.11107,30,13,0
1724373900,1.11108,1.11108,1.11102,1.11107,24,12,0
1724373960,1.11108,1.11108,1.11105,1.11105,8,9,0
1724374020,1.11105,1.11106,1.11105,1.11106,2,12,0
1724374080,1.11105,1.11107,1.11105,1.11105,7,9,0
1724374140,1.11107,1.11107,1.11104,1.11105,7,9,0
1724374200,1.11107,1.11109,1.11107,1.11109,13,12,0
1724374260,1.11109,1.1111,1.11108,1.11109,22,12,0
1724374320,1.11108,1.1111,1.11108,1.11109,11,12,0
1724374380,1.11109,1.11111,1.11108,1.11108,14,6,0
1724374440,1.11108,1.11109,1.11102,1.11102,6,7,0
1724374500,1.11103,1.11105,1.11102,1.11105,6,11,0
1724374560,1.11104,1.1111,1.11103,1.11104,10,6,0
1724374620,1.11104,1.11111,1.11104,1.11111,30,12,0
1724374680,1.11108,1.11115,1.11108,1.11115,9,8,0
1724374740,1.11115,1.11115,1.11112,1.11114,13,8,0
1724374800,1.11114,1.11118,1.11112,1.11118,40,0,0
1724374860,1.11118,1.11118,1.11115,1.11116,10,0,0
1724374920,1.11115,1.11115,1.11112,1.11112,6,0,0
1724374980,1.1111,1.11111,1.1111,1.11111,2,0,0
1724375040,1.11109,1.1111,1.11108,1.1111,4,0,0
1724375100,1.1111,1.1111,1.11107,1.11108,5,0,0
1724375160,1.11109,1.11113,1.11109,1.11112,12,0,0
1724375220,1.1111,1.11114,1.11109,1.11113,10,0,0
1724375280,1.11113,1.11116,1.11112,1.11115,11,0,0
1724375340,1.11114,1.11115,1.11114,1.11115,2,0,0
1724375400,1.11115,1.1112,1.11115,1.11116,12,0,0
1724375460,1.11116,1.11117,1.11113,1.11117,11,0,0
1724375520,1.11117,1.11122,1.11117,1.11121,12,0,0
1724375580,1.11121,1.11124,1.11121,1.11122,7,0,0
1724375640,1.11121,1.11133,1.11121,1.11133,17,0,0
1724375700,1.11133,1.1114,1.11133,1.11138,18,0,0
1724375760,1.11137,1.11139,1.11135,1.11136,10,0,0
1724375820,1.11136,1.11136,1.11135,1.11136,7,0,0
1724375880,1.11136,1.11137,1.11136,1.11136,7,0,0
1724375940,1.11136,1.11139,1.11136,1.11138,11,0,0
1724376000,1.11138,1.11141,1.11137,1.1114,9,0,0
1724376060,1.1114,1.1114600000000001,1.1114,1.11145,12,0,0
1724376120,1.11145,1.11147,1.11144,1.11145,12,0,0
1724376180,1.1114600000000001,1.11147,1.11144,1.11147,15,0,0
1724376240,1.11145,1.11148,1.11145,1.11147,22,0,0
1724376300,1.11148,1.11152,1.11148,1.11152,14,0,0
1724376360,1.11151,1.11151,1.11147,1.11151,16,0,0
1724376420,1.11151,1.11152,1.11147,1.11149,14,0,0
1724376480,1.11149,1.11151,1.11147,1.11149,24,0,0
1724376540,1.11149,1.11152,1.11149,1.11152,10,0,0
1724376600,1.11152,1.11152,1.11151,1.11152,5,0,0
1724376660,1.11152,1.11152,1.1115,1.11152,7,0,0
1724376720,1.11152,1.11152,1.11141,1.11142,25,0,0
1724376780,1.11142,1.11147,1.11141,1.1114600000000001,10,0,0
1724376840,1.1114600000000001,1.11149,1.11145,1.11147,25,0,0
1724376900,1.11147,1.11158,1.11147,1.11157,17,0,0
1724376960,1.11157,1.11157,1.11156,1.11156,8,0,0
1724377020,1.11156,1.11162,1.11156,1.11161,31,0,0
1724377080,1.11161,1.11162,1.11159,1.11161,15,0,0
1724377140,1.11161,1.11164,1.1116,1.11162,28,0,0
1724377200,1.11162,1.11162,1.11159,1.1116,11,0,0
1724377260,1.1116,1.11162,1.11157,1.11157,14,0,0
1724377320,1.11157,1.11158,1.11151,1.11152,12,0,0
1724377380,1.11152,1.11153,1.11152,1.11153,4,0,0
1724377440,1.11153,1.11156,1.11151,1.11153,15,0,0
1724377500,1.11153,1.11153,1.1114600000000001,1.11153,21,0,0
1724377560,1.11153,1.11153,1.11153,1.11153,1,0,0
1724377620,1.11153,1.11158,1.11152,1.11158,9,0,0
1724377680,1.11158,1.11159,1.11158,1.11158,9,0,0
1724377740,1.11158,1.11164,1.11158,1.11163,15,0,0
1724377800,1.11163,1.11163,1.11154,1.11155,24,0,0
1724377860,1.11155,1.11155,1.1115,1.1115,8,0,0
1724377920,1.1115,1.1115,1.11148,1.11148,5,0,0
1724377980,1.11148,1.11148,1.11147,1.11148,3,0,0
1724378040,1.11148,1.11154,1.11148,1.11154,7,0,0
1724378100,1.11154,1.11154,1.11152,1.11154,11,0,0
1724378160,1.11154,1.11154,1.1115,1.11151,10,0,0
1724378220,1.1115,1.1115,1.11143,1.11143,11,0,0
1724378280,1.11143,1.11144,1.11139,1.1114,15,0,0
1724378340,1.1114,1.1114,1.11137,1.11137,4,0,0
1724378400,1.11137,1.11141,1.11137,1.11139,16,0,0
1724378460,1.11139,1.11155,1.11139,1.11155,25,0,0
1724378520,1.11155,1.11158,1.11154,1.11158,5,0,0
1724378580,1.11158,1.1116,1.11158,1.11158,11,0,0
1724378640,1.11158,1.11158,1.11156,1.11157,7,0,0
1724378700,1.11157,1.11157,1.11147,1.11151,12,0,0
1724378760,1.11151,1.11151,1.11147,1.11148,19,0,0
1724378820,1.11148,1.11149,1.11148,1.11149,8,0,0
1724378880,1.11149,1.11154,1.11149,1.11153,5,0,0
1724378940,1.11153,1.11158,1.11153,1.11153,17,0,0
1724379000,1.11153,1.11158,1.11153,1.11158,13,0,0
1724379060,1.11158,1.11164,1.11157,1.11159,14,0,0
1724379120,1.11159,1.11166,1.11159,1.11164,40,0,0
1724379180,1.11164,1.11167,1.11162,1.11164,14,0,0
1724379240,1.11164,1.11167,1.11163,1.11167,6,0,0
1724379300,1.11167,1.11167,1.11167,1.11167,1,0,0
1724379360,1.11167,1.11168,1.11167,1.11168,4,0,0
1724379420,1.11168,1.11168,1.11163,1.11163,7,0,0
1724379480,1.11163,1.11167,1.11162,1.11164,23,0,0
1724379540,1.11164,1.11166,1.11162,1.11166,25,0,0
1724379600,1.11166,1.11169,1.11165,1.11168,21,0,0
1724379660,1.11168,1.11169,1.11166,1.11168,16,0,0
1724379720,1.11168,1.11171,1.11166,1.11168,11,0,0
1724379780,1.11168,1.11169,1.11168,1.11169,2,0,0
1724379840,1.11169,1.11169,1.11168,1.11169,3,0,0
1724379900,1.11169,1.11169,1.11166,1.11167,7,0,0
1724379960,1.11167,1.11167,1.11167,1.11167,1,0,0
1724380020,1.11167,1.11167,1.11161,1.11162,14,0,0
1724380080,1.11162,1.11162,1.11156,1.11156,9,0,0
1724380140,1.11156,1.11156,1.11154,1.11154,7,0,0
1724380200,1.11154,1.11157,1.11154,1.11157,5,0,0
1724380260,1.11157,1.11158,1.11156,1.11157,11,0,0
1724380320,1.11157,1.11163,1.11157,1.11162,7,0,0
1724380380,1.11162,1.11164,1.11161,1.11163,17,0,0
1724380440,1.11164,1.11165,1.11162,1.11162,4,0,0
1724380500,1.11162,1.11162,1.11156,1.1116,15,0,0
1724380560,1.1116,1.11162,1.11158,1.11159,17,0,0
1724380620,1.11159,1.11159,1.11157,1.11159,6,0,0
1724380680,1.11159,1.11161,1.11158,1.11159,8,0,0
1724380740,1.11159,1.11164,1.11159,1.11162,15,0,0
1724380800,1.11162,1.11164,1.11162,1.11163,11,0,0
1724380860,1.11162,1.11168,1.11162,1.11167,32,0,0
1724380920,1.11167,1.11171,1.11167,1.1117,5,0,0
1724380980,1.1117,1.11172,1.11169,1.11169,19,0,0
1724381040,1.11169,1.11169,1.11165,1.11167,38,0,0
1724381100,1.11167,1.11168,1.11166,1.11168,18,0,0
1724381160,1.11168,1.11173,1.11167,1.11172,17,0,0
1724381220,1.11172,1.11174,1.11172,1.11174,25,0,0
1724381280,1.11173,1.11174,1.11172,1.11172,14,0,0
1724381340,1.11172,1.11173,1.11172,1.11172,11,0,0
1724381400,1.11172,1.11174,1.11172,1.11172,9,0,0
1724381460,1.11172,1.11173,1.11172,1.11172,31,0,0
1724381520,1.11172,1.11178,1.11172,1.11178,10,0,0
1724381580,1.11178,1.11179,1.11177,1.11178,17,0,0
1724381640,1.11178,1.11179,1.11176,1.11176,6,0,0
1724381700,1.11176,1.11177,1.11172,1.11174,10,0,0
1724381760,1.11174,1.11176,1.11165,1.11165,19,0,0
1724381820,1.11165,1.11167,1.11165,1.11166,29,0,0
1724381880,1.11166,1.11169,1.11166,1.11166,28,0,0
1724381940,1.11166,1.11168,1.11161,1.11161,23,0,0
1724382000,1.11161,1.11161,1.11145,1.1114600000000001,43,0,0
1724382060,1.1114600000000001,1.11157,1.11142,1.11151,49,0,0
1724382120,1.11151,1.11158,1.11148,1.11152,61,0,0
1724382180,1.11153,1.11156,1.11151,1.11151,26,0,0
1724382240,1.11151,1.11157,1.11148,1.11148,27,0,0
1724382300,1.11148,1.11152,1.11144,1.1114600000000001,13,0,0
1724382360,1.1114600000000001,1.11153,1.1114600000000001,1.11147,17,0,0
1724382420,1.11147,1.11151,1.1114600000000001,1.11147,17,0,0
1724382480,1.11147,1.11147,1.11138,1.11138,17,0,0
1724382540,1.11135,1.11136,1.1113,1.11132,56,0,0
1724382600,1.11132,1.11137,1.11131,1.11137,37,0,0
1724382660,1.11137,1.11147,1.11137,1.11147,42,0,0
1724382720,1.1114600000000001,1.11152,1.1114600000000001,1.11147,52,0,0
1724382780,1.11147,1.11148,1.1114,1.11142,36,0,0
1724382840,1.11142,1.11149,1.11142,1.11148,30,0,0
1724382900,1.11148,1.11159,1.11148,1.11153,26,0,0
1724382960,1.11153,1.11153,1.1114600000000001,1.11148,22,0,0
1724383020,1.11148,1.11155,1.11143,1.11152,29,0,0
1724383080,1.11152,1.11164,1.11152,1.11164,48,0,0
1724383140,1.11164,1.11169,1.11161,1.11169,35,0,0
1724383200,1.11169,1.11177,1.11168,1.11172,59,0,0
1724383260,1.11172,1.11179,1.11171,1.11174,36,0,0
1724383320,1.11174,1.11182,1.11173,1.11179,36,0,0
1724383380,1.11179,1.11186,1.11176,1.11184,55,0,0
1724383440,1.11184,1.11194,1.1118,1.11188,44,0,0
1724383500,1.11187,1.11189,1.11181,1.11186,44,0,0
1724383560,1.11187,1.11189,1.11182,1.11182,21,0,0
1724383620,1.11182,1.11184,1.11178,1.11183,37,0,0
1724383680,1.11184,1.11198,1.11182,1.11195,59,0,0
1724383740,1.11195,1.11198,1.11181,1.11188,47,0,0
1724383800,1.11188,1.11201,1.11186,1.11201,71,0,0
1724383860,1.11201,1.1120700000000001,1.11198,1.11206,48,0,0
1724383920,1.11206,1.1120700000000001,1.11192,1.11192,26,0,0
1724383980,1.11192,1.11194,1.11186,1.11188,59,0,0
1724384040,1.11189,1.11189,1.11184,1.11185,22,0,0
1724384100,1.11185,1.11196,1.11181,1.11194,85,0,0
1724384160,1.11195,1.11197,1.11191,1.11192,45,0,0
1724384220,1.11192,1.11198,1.11187,1.11192,42,0,0
1724384280,1.11192,1.11194,1.11189,1.11192,21,0,0
1724384340,1.11192,1.11194,1.11186,1.11187,23,0,0
1724384400,1.11187,1.11192,1.11186,1.11192,13,0,0
1724384460,1.11192,1.11193,1.11183,1.11188,30,0,0
1724384520,1.11188,1.11189,1.11187,1.11189,18,0,0
1724384580,1.11189,1.1118999999999999,1.11187,1.11188,19,0,0
1724384640,1.11188,1.11192,1.11185,1.11185,30,0,0
1724384700,1.11185,1.1118999999999999,1.11178,1.11189,75,0,0
1724384760,1.11189,1.11193,1.11187,1.11193,12,0,0
1724384820,1.11193,1.11195,1.11192,1.11192,10,0,0
1724384880,1.11192,1.11195,1.11188,1.11195,54,0,0
1724384940,1.11195,1.11196,1.11192,1.11193,17,0,0
1724385000,1.11193,1.11194,1.11191,1.11192,40,0,0
1724385060,1.11192,1.11198,1.11188,1.11197,31,0,0
1724385120,1.11197,1.11213,1.11194,1.11198,87,0,0
1724385180,1.11198,1.1120700000000001,1.11197,1.11202,63,0,0
1724385240,1.11202,1.11225,1.11202,1.11219,62,0,0
1724385300,1.11213,1.11215,1.11196,1.11198,59,0,0
1724385360,1.11197,1.11199,1.11185,1.11186,49,0,0
1724385420,1.11186,1.11193,1.11184,1.11185,42,0,0
1724385480,1.11185,1.11194,1.11184,1.11194,38,0,0
1724385540,1.11194,1.11198,1.11193,1.11198,21,0,0
1724385600,1.11198,1.11198,1.11194,1.11194,20,0,0
1724385660,1.11194,1.112,1.11186,1.112,35,0,0
1724385720,1.112,1.1120700000000001,1.112,1.11201,48,0,0
1724385780,1.11201,1.11202,1.11182,1.11185,54,0,0
1724385840,1.11185,1.1118999999999999,1.11182,1.11188,50,0,0
1724385900,1.11188,1.11199,1.11187,1.11197,41,0,0
1724385960,1.11197,1.11211,1.11196,1.11209,50,0,0
1724386020,1.11209,1.11225,1.1120700000000001,1.11224,59,0,0
1724386080,1.11223,1.11229,1.11223,1.11228,39,0,0
1724386140,1.11228,1.1123,1.11219,1.11219,69,0,0
1724386200,1.11219,1.1122,1.11213,1.11214,80,0,0
1724386260,1.11214,1.11219,1.11211,1.11213,51,0,0
1724386320,1.11213,1.1122,1.11212,1.1122,98,0,0
1724386380,1.1122,1.11225,1.11215,1.11219,86,0,0
1724386440,1.11218,1.1122,1.11217,1.11217,41,0,0
1724386500,1.11217,1.1122,1.11203,1.11215,111,0,0
1724386560,1.11215,1.11226,1.11215,1.11226,87,0,0
1724386620,1.11225,1.11228,1.11224,1.11224,57,0,0
1724386680,1.11224,1.11236,1.11221,1.11235,72,0,0
1724386740,1.11235,1.11235,1.1122,1.1122,52,0,0
1724386800,1.1122,1.11221,1.11217,1.1122,44,0,0
1724386860,1.1122,1.11221,1.11214,1.1122,41,0,0
1724386920,1.1122,1.1123,1.11219,1.11229,55,0,0
1724386980,1.11229,1.11238,1.11228,1.11237,49,0,0
1724387040,1.11237,1.11243,1.11233,1.11242,60,0,0
1724387100,1.11242,1.1125,1.11241,1.11249,44,0,0
1724387160,1.11249,1.11249,1.11244,1.11247,28,0,0
1724387220,1.11247,1.11249,1.11245,1.11246,26,0,0
1724387280,1.11246,1.11248,1.11236,1.11237,36,0,0
1724387340,1.11237,1.11245,1.11237,1.11239,18,0,0
1724387400,1.11239,1.11244,1.11238,1.11241,26,0,0
1724387460,1.11241,1.11241,1.1124,1.1124,16,0,0
1724387520,1.1124,1.11243,1.11223,1.11223,32,0,0
1724387580,1.11226,1.11226,1.1120700000000001,1.11208,32,0,0
1724387640,1.11208,1.11214,1.1120700000000001,1.11212,40,0,0
1724387700,1.11211,1.11229,1.1121,1.11228,72,0,0
1724387760,1.11228,1.11241,1.11227,1.11236,59,0,0
1724387820,1.11236,1.11238,1.1123,1.11231,25,0,0
1724387880,1.11231,1.11232,1.11227,1.1123,73,0,0
1724387940,1.1123,1.11234,1.11228,1.11228,68,0,0
1724388000,1.11228,1.11241,1.11227,1.1124,41,0,0
1724388060,1.1124,1.11254,1.1124,1.1125099999999999,23,0,0
1724388120,1.1125099999999999,1.11258,1.1125,1.11258,26,0,0
1724388180,1.11258,1.11258,1.11243,1.11243,27,0,0
1724388240,1.11243,1.1125,1.11243,1.11248,33,0,0
1724388300,1.11248,1.11252,1.11246,1.11249,33,0,0
1724388360,1.11249,1.11262,1.11248,1.11259,38,0,0
1724388420,1.11259,1.11266,1.11257,1.11264,32,0,0
1724388480,1.11264,1.11278,1.11263,1.11278,42,0,0
1724388540,1.11278,1.11283,1.11274,1.11283,39,0,0
1724388600,1.11283,1.11284,1.11277,1.11282,25,0,0
1724388660,1.11282,1.11283,1.11262,1.11262,56,0,0
1724388720,1.11262,1.11269,1.11256,1.11263,28,0,0
1724388780,1.11263,1.11274,1.11263,1.11271,35,0,0
1724388840,1.11271,1.11274,1.11269,1.11271,40,0,0
1724388900,1.11271,1.11276,1.1126800000000001,1.11276,36,0,0
1724388960,1.11276,1.11277,1.1127,1.11277,39,0,0
1724389020,1.11277,1.11282,1.11273,1.11278,56,0,0
1724389080,1.11277,1.11281,1.11276,1.11276,30,0,0
1724389140,1.11274,1.11277,1.11271,1.11276,30,0,0
1724389200,1.11276,1.11286,1.11276,1.11286,19,0,0
1724389260,1.11286,1.11288,1.1128,1.1128,29,0,0
1724389320,1.1128,1.11283,1.11278,1.11283,41,0,0
1724389380,1.11283,1.11284,1.11277,1.11277,36,0,0
1724389440,1.11277,1.11284,1.11275,1.11279,57,0,0
1724389500,1.11279,1.11282,1.11272,1.11272,103,0,0
1724389560,1.11273,1.11279,1.11267,1.11278,98,0,0
1724389620,1.11278,1.11283,1.11276,1.11282,27,0,0
1724389680,1.11282,1.11286,1.11278,1.11279,32,0,0
1724389740,1.11279,1.11284,1.11278,1.11283,32,0,0
1724389800,1.11283,1.11284,1.11281,1.11282,18,0,0
1724389860,1.11282,1.11282,1.11271,1.11279,49,0,0
1724389920,1.11279,1.11284,1.11277,1.11283,20,0,0
1724389980,1.11283,1.11285,1.11269,1.1127,26,0,0
1724390040,1.1127,1.1127,1.11257,1.11257,38,0,0
1724390100,1.11257,1.11259,1.11252,1.11255,22,0,0
1724390160,1.11255,1.1126,1.11253,1.11259,21,0,0
1724390220,1.11259,1.11269,1.11258,1.11269,26,0,0
1724390280,1.11269,1.1127,1.11253,1.11254,31,0,0
1724390340,1.11254,1.11257,1.11238,1.11241,41,0,0
1724390400,1.11241,1.11241,1.11231,1.11232,29,0,0
1724390460,1.11231,1.11244,1.11231,1.11243,32,0,0
1724390520,1.11243,1.11245,1.11242,1.11244,43,0,0
1724390580,1.11244,1.1125,1.11241,1.11243,28,0,0
1724390640,1.11243,1.11245,1.11238,1.11245,20,0,0
1724390700,1.11245,1.11254,1.11244,1.11252,41,0,0
1724390760,1.11252,1.11255,1.11249,1.11254,22,0,0
1724390820,1.11254,1.11255,1.11248,1.11248,39,0,0
1724390880,1.11248,1.1125,1.11247,1.11249,22,0,0
1724390940,1.11249,1.11253,1.11248,1.1125,18,0,0
1724391000,1.1125,1.11254,1.11243,1.11244,52,0,0
1724391060,1.11244,1.11244,1.11237,1.11238,26,0,0
1724391120,1.11238,1.11244,1.11238,1.11239,42,0,0
1724391180,1.11239,1.1124,1.11238,1.11238,32,0,0
1724391240,1.11238,1.1124,1.11232,1.11238,32,0,0
1724391300,1.11238,1.1124,1.11237,1.11238,48,0,0
1724391360,1.11238,1.11241,1.11237,1.1124,30,0,0
1724391420,1.1124,1.11248,1.1124,1.11244,38,0,0
1724391480,1.11244,1.11253,1.11244,1.11253,28,0,0
1724391540,1.11253,1.11254,1.11249,1.11249,27,0,0
1724391600,1.11249,1.11254,1.11247,1.11254,33,0,0
1724391660,1.11254,1.1126,1.11254,1.11255,49,0,0
1724391720,1.11254,1.11255,1.11253,1.11253,36,0,0
1724391780,1.11253,1.11254,1.11248,1.11254,61,0,0
1724391840,1.11253,1.11256,1.11252,1.11255,47,0,0
1724391900,1.11255,1.11255,1.11247,1.11248,27,0,0
1724391960,1.11248,1.11253,1.11242,1.11243,29,0,0
1724392020,1.11243,1.11243,1.11236,1.11238,17,0,0
1724392080,1.11238,1.11244,1.11238,1.1124,47,0,0
1724392140,1.11239,1.1124,1.11236,1.11238,61,0,0
1724392200,1.11238,1.1124,1.11237,1.11238,27,0,0
1724392260,1.11239,1.11245,1.11238,1.11239,33,0,0
1724392320,1.1124,1.11245,1.11238,1.11239,32,0,0
1724392380,1.11239,1.1124,1.11233,1.11239,35,0,0
1724392440,1.11239,1.11245,1.11237,1.11238,21,0,0
1724392500,1.11238,1.1124,1.11237,1.1124,13,0,0
1724392560,1.1124,1.11242,1.11233,1.11241,21,0,0
1724392620,1.11241,1.11248,1.11241,1.11245,51,0,0
1724392680,1.11245,1.11254,1.11245,1.11254,22,0,0
1724392740,1.11253,1.11257,1.1125099999999999,1.11252,33,0,0
1724392800,1.11252,1.11254,1.11244,1.11247,25,0,0
1724392860,1.11247,1.11248,1.11244,1.11247,16,0,0
1724392920,1.11247,1.1125,1.11247,1.11248,19,0,0
1724392980,1.11248,1.11254,1.11248,1.11252,27,0,0
1724393040,1.11252,1.11254,1.1125,1.1125099999999999,17,0,0
1724393100,1.11252,1.11253,1.11249,1.1125,19,0,0
1724393160,1.1125,1.1125,1.11248,1.11249,20,0,0
1724393220,1.11249,1.1125,1.11246,1.11249,18,0,0
1724393280,1.11249,1.11253,1.11248,1.11252,55,0,0
1724393340,1.11252,1.11253,1.11244,1.11244,18,0,0
1724393400,1.11245,1.1125,1.11245,1.11249,25,0,0
1724393460,1.11249,1.11252,1.11248,1.11249,13,0,0
1724393520,1.11249,1.11254,1.11249,1.11254,24,0,0
1724393580,1.11254,1.11265,1.11253,1.11265,12,0,0
1724393640,1.11265,1.11266,1.11262,1.11264,17,0,0
1724393700,1.11264,1.11264,1.11257,1.11257,20,0,0
1724393760,1.11257,1.11259,1.11254,1.11258,41,0,0
1724393820,1.11258,1.11271,1.11257,1.11271,33,0,0
1724393880,1.11271,1.11275,1.1126800000000001,1.11269,32,0,0
1724393940,1.11269,1.11273,1.11269,1.11272,15,0,0
1724394000,1.11272,1.11273,1.11263,1.11265,21,0,0
1724394060,1.11265,1.11265,1.11262,1.11263,12,0,0
1724394120,1.11264,1.11273,1.11264,1.11269,17,0,0
1724394180,1.11269,1.1127,1.11267,1.11267,9,0,0
1724394240,1.11267,1.1126800000000001,1.11264,1.11264,6,0,0
1724394300,1.11264,1.11267,1.11259,1.11259,15,0,0
1724394360,1.1126,1.11264,1.11259,1.11264,16,0,0
1724394420,1.11265,1.11269,1.11265,1.11269,7,0,0
1724394480,1.11269,1.11272,1.11267,1.1126800000000001,16,0,0
1724394540,1.1126800000000001,1.11269,1.11264,1.11264,5,0,0
1724394600,1.11264,1.11264,1.11258,1.11258,9,0,0
1724394660,1.11258,1.11259,1.11257,1.11257,12,0,0
1724394720,1.11257,1.11258,1.11253,1.11253,29,0,0
1724394780,1.11254,1.11259,1.11254,1.11257,7,0,0
1724394840,1.11257,1.1126,1.1125099999999999,1.11255,22,0,0
1724394900,1.11254,1.11256,1.1125099999999999,1.11252,17,0,0
1724394960,1.11252,1.11252,1.11247,1.11248,21,0,0
1724395020,1.11248,1.11249,1.11243,1.11248,16,0,0
1724395080,1.11248,1.1125,1.11246,1.11249,20,0,0
1724395140,1.11249,1.11255,1.11249,1.11254,19,0,0
1724395200,1.11254,1.11255,1.11247,1.11247,15,0,0
1724395260,1.11247,1.1125099999999999,1.11243,1.11243,23,0,0
1724395320,1.11243,1.1125,1.11242,1.11248,19,0,0
1724395380,1.11248,1.11248,1.11243,1.11244,11,0,0
1724395440,1.11244,1.11245,1.11238,1.11238,25,0,0
1724395500,1.11239,1.11239,1.11237,1.11238,22,0,0
1724395560,1.11238,1.11242,1.11238,1.11238,8,0,0
1724395620,1.11238,1.1124,1.11235,1.11237,21,0,0
1724395680,1.11238,1.11239,1.11237,1.11238,27,0,0
1724395740,1.11238,1.11239,1.11238,1.11239,12,0,0
1724395800,1.11239,1.11239,1.11238,1.11238,6,0,0
1724395860,1.11237,1.11238,1.11233,1.11235,28,0,0
1724395920,1.11235,1.11239,1.11234,1.11238,13,0,0
1724395980,1.11238,1.11247,1.11238,1.11247,19,0,0
1724396040,1.11247,1.11255,1.11247,1.11254,23,0,0
1724396100,1.11254,1.11254,1.11253,1.11253,2,0,0
1724396160,1.11253,1.11253,1.11249,1.11249,3,0,0
1724396220,1.11249,1.11249,1.11245,1.11248,13,0,0
1724396280,1.11248,1.11253,1.11248,1.1125,15,0,0
1724396340,1.1125099999999999,1.1125099999999999,1.11249,1.11249,21,0,0
1724396400,1.11249,1.11261,1.11249,1.11261,30,0,0
1724396460,1.11261,1.11266,1.11259,1.11264,23,0,0
1724396520,1.11264,1.11266,1.11263,1.11265,38,0,0
1724396580,1.11265,1.11271,1.11265,1.1127,14,0,0
1724396640,1.1127,1.11275,1.1127,1.11275,39,0,0
1724396700,1.11275,1.11275,1.1127,1.1127,31,0,0
1724396760,1.11271,1.11276,1.11271,1.11276,36,0,0
1724396820,1.11275,1.11277,1.11273,1.11275,41,0,0
1724396880,1.11275,1.11282,1.11274,1.11281,15,0,0
1724396940,1.11281,1.11281,1.11272,1.11273,25,0,0
1724397000,1.11272,1.11275,1.1127,1.11271,39,0,0
1724397060,1.1127,1.11273,1.1126800000000001,1.1127,37,0,0
1724397120,1.1127,1.11275,1.1127,1.11275,40,0,0
1724397180,1.11275,1.11276,1.11273,1.11274,32,0,0
1724397240,1.11274,1.11274,1.1126800000000001,1.11269,16,0,0
1724397300,1.11269,1.1127,1.11269,1.1127,4,0,0
1724397360,1.1127,1.11273,1.11269,1.11269,19,0,0
1724397420,1.11269,1.11271,1.11266,1.1127,6,0,0
1724397480,1.1127,1.11285,1.1127,1.11285,16,0,0
1724397540,1.11285,1.11285,1.11283,1.11284,6,0,0
1724397600,1.11284,1.11285,1.11283,1.11284,13,0,0
1724397660,1.11285,1.11285,1.11274,1.11283,45,0,0
1724397720,1.11284,1.11284,1.11281,1.11282,24,0,0
1724397780,1.11282,1.11282,1.11264,1.11269,64,0,0
1724397840,1.11269,1.11271,1.11264,1.11264,15,0,0
1724397900,1.11264,1.11266,1.11263,1.11264,33,0,0
1724397960,1.11264,1.11265,1.11262,1.11265,19,0,0
1724398020,1.11265,1.11266,1.11263,1.11263,25,0,0
1724398080,1.11263,1.11264,1.11253,1.11254,27,0,0
1724398140,1.11254,1.11255,1.11254,1.11254,29,0,0
1724398200,1.11254,1.11255,1.11252,1.11253,80,0,0
1724398260,1.11254,1.11254,1.11247,1.11249,32,0,0
1724398320,1.11249,1.1125,1.11247,1.1125,40,0,0
1724398380,1.1125,1.11254,1.11248,1.11248,19,0,0
1724398440,1.11247,1.1125099999999999,1.11247,1.1125,22,0,0
1724398500,1.1125,1.11252,1.11248,1.1125,14,0,0
1724398560,1.1125099999999999,1.11258,1.1125099999999999,1.11256,23,0,0
1724398620,1.11255,1.11256,1.11254,1.11254,24,0,0
1724398680,1.11254,1.11259,1.11254,1.11258,11,0,0
1724398740,1.11258,1.11261,1.11257,1.1126,22,0,0
1724398800,1.1126,1.11265,1.11259,1.11265,19,0,0
1724398860,1.11265,1.11265,1.11263,1.11264,9,0,0
1724398920,1.11264,1.11265,1.11263,1.11264,15,0,0
1724398980,1.11264,1.1126800000000001,1.11264,1.11266,14,0,0
1724399040,1.11266,1.11266,1.11264,1.11264,5,0,0
1724399100,1.11264,1.11271,1.11261,1.11271,16,0,0
1724399160,1.11271,1.11271,1.1126800000000001,1.1126800000000001,4,0,0
1724399220,1.1126800000000001,1.1127,1.1126800000000001,1.11269,10,0,0
1724399280,1.11269,1.11269,1.1126800000000001,1.11269,9,0,0
1724399340,1.11269,1.11269,1.1126800000000001,1.11269,3,0,0
1724399400,1.11269,1.11269,1.1126800000000001,1.1126800000000001,4,0,0
1724399460,1.1126800000000001,1.11271,1.11265,1.1127,13,0,0
1724399520,1.1127,1.1128,1.1127,1.11279,17,0,0
1724399580,1.11279,1.11279,1.11275,1.11275,18,0,0
1724399640,1.11275,1.11275,1.11274,1.11274,2,0,0
1724399700,1.11274,1.11275,1.11273,1.11274,9,0,0
1724399760,1.11274,1.11279,1.11273,1.11279,12,0,0
1724399820,1.11279,1.11279,1.11275,1.11278,13,0,0
1724399880,1.11278,1.11279,1.11278,1.11278,9,0,0
1724399940,1.11278,1.11279,1.11278,1.11278,7,0,0
1724400000,1.11278,1.11279,1.1126800000000001,1.1126800000000001,23,0,0
1724400060,1.1126800000000001,1.11278,1.1126800000000001,1.11276,25,0,0
1724400120,1.11276,1.11276,1.11274,1.11275,8,0,0
1724400180,1.11275,1.11278,1.11275,1.11277,9,0,0
1724400240,1.11277,1.11277,1.11275,1.11275,11,0,0
1724400300,1.11275,1.11275,1.11272,1.11274,22,0,0
1724400360,1.11274,1.11276,1.11273,1.11275,7,0,0
1724400420,1.11275,1.11279,1.11274,1.11274,19,0,0
1724400480,1.11274,1.11276,1.11274,1.11274,7,0,0
1724400540,1.11274,1.11274,1.1126800000000001,1.1127,9,0,0
1724400600,1.1127,1.11275,1.1127,1.11274,10,0,0
1724400660,1.11274,1.11274,1.1126800000000001,1.11269,15,0,0
1724400720,1.11269,1.11269,1.1126800000000001,1.11269,11,0,0
1724400780,1.11269,1.11269,1.11263,1.11265,9,0,0
1724400840,1.11265,1.11266,1.11263,1.11263,11,0,0
1724400900,1.11263,1.11263,1.11256,1.11257,17,0,0
1724400960,1.11257,1.11259,1.11256,1.11259,18,0,0
1724401020,1.11259,1.11266,1.11258,1.11266,11,0,0
1724401080,1.11265,1.11265,1.11264,1.11264,14,0,0
1724401140,1.11264,1.11267,1.11264,1.11267,8,0,0
1724401200,1.11267,1.11267,1.11264,1.11266,13,0,0
1724401260,1.11266,1.11271,1.11265,1.11269,35,0,0
1724401320,1.11269,1.11271,1.11264,1.1127,48,0,0
1724401380,1.1127,1.11271,1.11269,1.1127,37,0,0
1724401440,1.1127,1.11271,1.1126800000000001,1.11269,18,0,0
1724401500,1.11269,1.1128,1.11269,1.1128,25,0,0
1724401560,1.1128,1.11282,1.11278,1.11282,25,0,0
1724401620,1.11282,1.1129,1.11281,1.11286,13,0,0
1724401680,1.11286,1.11286,1.11278,1.11279,8,0,0
1724401740,1.11279,1.11281,1.11278,1.11278,10,0,0
1724401800,1.11278,1.11278,1.11273,1.11277,14,0,0
1724401860,1.11277,1.11283,1.11269,1.1127,33,0,0
1724401920,1.1127,1.11275,1.1127,1.11274,26,0,0
1724401980,1.11275,1.11276,1.11272,1.11273,54,0,0
1724402040,1.11273,1.11274,1.1126800000000001,1.11269,23,0,0
1724402100,1.1126800000000001,1.11275,1.1126800000000001,1.11274,40,0,0
1724402160,1.11274,1.11274,1.11267,1.11269,34,0,0
1724402220,1.11269,1.1127,1.1126800000000001,1.11269,27,0,0
1724402280,1.11269,1.1127,1.11263,1.11264,23,0,0
1724402340,1.11264,1.11264,1.11256,1.11263,26,0,0
1724402400,1.11263,1.11264,1.11262,1.11263,13,0,0
1724402460,1.11263,1.11264,1.11259,1.11259,10,0,0
1724402520,1.11259,1.11261,1.11254,1.11256,42,0,0
1724402580,1.11256,1.11256,1.11248,1.11249,26,0,0
1724402640,1.11249,1.1125,1.11248,1.11249,12,0,0
1724402700,1.11249,1.11253,1.11247,1.11253,17,0,0
1724402760,1.11253,1.11259,1.11253,1.11258,14,0,0
1724402820,1.11258,1.11261,1.11257,1.11258,20,0,0
1724402880,1.11258,1.1126800000000001,1.11258,1.1126800000000001,31,0,0
1724402940,1.1126800000000001,1.11273,1.1126800000000001,1.11271,27,0,0
1724403000,1.11272,1.11278,1.11271,1.11274,42,0,0
1724403060,1.11274,1.11276,1.1126800000000001,1.11274,34,0,0
1724403120,1.11274,1.11279,1.11273,1.11278,46,0,0
1724403180,1.11278,1.11278,1.1126800000000001,1.11269,30,0,0
1724403240,1.11269,1.11269,1.11255,1.11256,34,0,0
1724403300,1.11256,1.11262,1.11256,1.1126,34,0,0
1724403360,1.1126,1.11262,1.11257,1.11262,15,0,0
1724403420,1.11262,1.11269,1.11255,1.11257,25,0,0
1724403480,1.11257,1.1126,1.11249,1.11259,36,0,0
1724403540,1.11259,1.11261,1.11254,1.11261,38,0,0
1724403600,1.11261,1.11261,1.11238,1.11239,40,0,0
1724403660,1.1124,1.11243,1.11227,1.11228,80,0,0
1724403720,1.11228,1.11233,1.11224,1.11231,85,0,0
1724403780,1.11229,1.11229,1.11223,1.11225,57,0,0
1724403840,1.11225,1.1123,1.11222,1.11229,83,0,0
1724403900,1.11229,1.11233,1.11227,1.1123,18,0,0
1724403960,1.1123,1.11239,1.1123,1.1123,53,0,0
1724404020,1.1123,1.11236,1.11229,1.11233,87,0,0
1724404080,1.11233,1.11234,1.11228,1.11229,34,0,0
1724404140,1.11229,1.11234,1.11228,1.11229,30,0,0
1724404200,1.11229,1.11229,1.11218,1.1122,30,0,0
1724404260,1.1122,1.1122,1.11213,1.11218,34,0,0
1724404320,1.11218,1.1122,1.11216,1.11218,35,0,0
1724404380,1.11218,1.11226,1.11218,1.11221,25,0,0
1724404440,1.11221,1.11221,1.11217,1.11217,21,0,0
1724404500,1.11217,1.11218,1.11212,1.11213,25,0,0
1724404560,1.11213,1.11216,1.11208,1.11213,19,0,0
1724404620,1.11213,1.1122,1.11212,1.11216,34,0,0
1724404680,1.11216,1.11216,1.11208,1.11208,35,0,0
1724404740,1.11208,1.11209,1.11205,1.11205,26,0,0
1724404800,1.11205,1.11208,1.11205,1.1120700000000001,24,0,0
1724404860,1.1120700000000001,1.11215,1.11203,1.11204,37,0,0
1724404920,1.11204,1.11212,1.11203,1.11212,74,0,0
1724404980,1.11212,1.11219,1.11212,1.11214,19,0,0
1724405040,1.11214,1.11228,1.11213,1.11226,43,0,0
1724405100,1.11226,1.11228,1.11224,1.11227,30,0,0
1724405160,1.11228,1.11233,1.11228,1.11231,32,0,0
1724405220,1.11231,1.11241,1.1123,1.11231,29,0,0
1724405280,1.11231,1.11235,1.11226,1.11233,31,0,0
1724405340,1.11233,1.11233,1.11228,1.1123,30,0,0
1724405400,1.1123,1.11236,1.11228,1.11235,34,0,0
1724405460,1.11235,1.11237,1.11233,1.11234,40,0,0
1724405520,1.11234,1.11236,1.11224,1.11225,37,0,0
1724405580,1.11225,1.11231,1.11224,1.11229,16,0,0
1724405640,1.11229,1.1123,1.11226,1.1123,33,0,0
1724405700,1.1123,1.11239,1.11229,1.11235,22,0,0
1724405760,1.11235,1.11241,1.11234,1.11241,21,0,0
1724405820,1.11241,1.11247,1.11241,1.11245,17,0,0
1724405880,1.11245,1.1125099999999999,1.11245,1.11248,25,0,0
1724405940,1.11248,1.1126,1.11248,1.1126,20,0,0
1724406000,1.1126,1.11266,1.11258,1.11265,28,0,0
1724406060,1.11265,1.11266,1.11259,1.11264,46,0,0
1724406120,1.11264,1.11267,1.11259,1.11265,26,0,0
1724406180,1.11264,1.11271,1.11264,1.11271,23,0,0
1724406240,1.11271,1.11271,1.11269,1.1127,10,0,0
1724406300,1.11271,1.11271,1.1126800000000001,1.11269,9,0,0
1724406360,1.11269,1.11271,1.1126,1.11265,25,0,0
1724406420,1.11265,1.1127,1.11263,1.11269,32,0,0
1724406480,1.11269,1.11271,1.1126800000000001,1.1126800000000001,33,0,0
1724406540,1.1126800000000001,1.11286,1.11266,1.11286,43,0,0
1724406600,1.11286,1.11287,1.11279,1.11286,51,0,0
1724406660,1.11286,1.11304,1.11286,1.113,33,0,0
1724406720,1.113,1.11303,1.11289,1.1129,60,0,0
1724406780,1.1129,1.11294,1.11278,1.11279,67,0,0
1724406840,1.11279,1.11296,1.11278,1.11296,71,0,0
1724406900,1.11296,1.11301,1.1129,1.11301,46,0,0
1724406960,1.11301,1.11306,1.11295,1.11305,36,0,0
1724407020,1.11305,1.11305,1.11295,1.11295,17,0,0
1724407080,1.11295,1.11296,1.11291,1.11296,47,0,0
1724407140,1.11296,1.11299,1.11283,1.11285,69,0,0
1724407200,1.11285,1.11287,1.11278,1.11279,34,0,0
1724407260,1.11279,1.11281,1.11265,1.11276,56,0,0
1724407320,1.11276,1.11286,1.11273,1.11281,68,0,0
1724407380,1.11281,1.11292,1.11271,1.11292,65,0,0
1724407440,1.11291,1.11296,1.11282,1.11296,73,0,0
1724407500,1.11296,1.11319,1.11293,1.11316,82,0,0
1724407560,1.11317,1.1132,1.1131199999999999,1.11313,101,0,0
1724407620,1.11313,1.11317,1.11307,1.11317,61,0,0
1724407680,1.11317,1.11317,1.11294,1.11297,51,0,0
1724407740,1.11296,1.11299,1.11277,1.11278,91,0,0
1724407800,1.11277,1.11279,1.11266,1.11278,108,0,0
1724407860,1.11279,1.11303,1.11277,1.11303,100,0,0
1724407920,1.11303,1.11316,1.11288,1.11288,62,0,0
1724407980,1.11288,1.11293,1.11278,1.11293,64,0,0
1724408040,1.11292,1.11304,1.11292,1.11302,73,0,0
1724408100,1.11302,1.11305,1.11287,1.11288,44,0,0
1724408160,1.11288,1.11297,1.11277,1.11278,56,0,0
1724408220,1.11277,1.1128,1.11266,1.11267,61,0,0
1724408280,1.11267,1.11273,1.11258,1.1126800000000001,68,0,0
1724408340,1.1126800000000001,1.11272,1.11255,1.11264,90,0,0
1724408400,1.11264,1.11269,1.11259,1.11261,44,0,0
1724408460,1.11261,1.1126800000000001,1.11257,1.1126800000000001,59,0,0
1724408520,1.1126800000000001,1.11274,1.11267,1.11274,32,0,0
1724408580,1.11274,1.11274,1.11244,1.11244,62,0,0
1724408640,1.11244,1.11245,1.11241,1.11242,58,0,0
1724408700,1.11242,1.11249,1.11241,1.11249,21,0,0
1724408760,1.11249,1.11254,1.11241,1.11242,31,0,0
1724408820,1.11242,1.1125099999999999,1.11242,1.11243,41,0,0
1724408880,1.11243,1.11243,1.11236,1.11237,38,0,0
1724408940,1.11237,1.11238,1.11221,1.11224,54,0,0
1724409000,1.11224,1.11232,1.11217,1.11221,85,0,0
1724409060,1.11221,1.11225,1.11216,1.11222,29,0,0
1724409120,1.11222,1.11223,1.11212,1.11213,28,0,0
1724409180,1.11212,1.11221,1.11203,1.1122,65,0,0
1724409240,1.1122,1.11222,1.11216,1.1122,26,0,0
1724409300,1.1122,1.11227,1.1122,1.11222,54,0,0
1724409360,1.11223,1.11225,1.11215,1.11217,25,0,0
1724409420,1.11217,1.1122,1.11202,1.1122,115,0,0
1724409480,1.1122,1.11226,1.11204,1.11204,88,0,0
1724409540,1.11204,1.11206,1.11178,1.1118,87,0,0
1724409600,1.1118,1.11183,1.1114600000000001,1.11149,82,0,0
1724409660,1.11149,1.11158,1.11143,1.11149,75,0,0
1724409720,1.11149,1.11162,1.11145,1.11161,50,0,0
1724409780,1.11161,1.11174,1.11161,1.11171,68,0,0
1724409840,1.11171,1.11174,1.11155,1.11156,49,0,0
1724409900,1.11156,1.11168,1.11155,1.11162,71,0,0
1724409960,1.11162,1.11163,1.11155,1.11157,45,0,0
1724410020,1.11157,1.11157,1.11133,1.11142,55,0,0
1724410080,1.11142,1.11156,1.11137,1.11138,31,0,0
1724410140,1.11137,1.11149,1.11136,1.11147,53,0,0
1724410200,1.11147,1.11149,1.11127,1.11132,76,0,0
1724410260,1.11132,1.11147,1.11126,1.11147,45,0,0
1724410320,1.11147,1.1117,1.11147,1.11167,45,0,0
1724410380,1.11167,1.11179,1.11161,1.11173,58,0,0
1724410440,1.11173,1.11182,1.11173,1.11179,21,0,0
1724410500,1.11179,1.11191,1.11176,1.11187,57,0,0
1724410560,1.11187,1.11197,1.11186,1.11192,38,0,0
1724410620,1.11192,1.11196,1.11186,1.11187,97,0,0
1724410680,1.11187,1.1118999999999999,1.11185,1.11188,69,0,0
1724410740,1.11188,1.11201,1.11187,1.11194,88,0,0
1724410800,1.11194,1.11216,1.11194,1.11208,70,0,0
1724410860,1.11209,1.1121,1.11202,1.11205,50,0,0
1724410920,1.11205,1.11217,1.11201,1.11208,67,0,0
1724410980,1.11208,1.11208,1.11177,1.11179,66,0,0
1724411040,1.11179,1.11193,1.11176,1.11187,50,0,0
1724411100,1.11186,1.11186,1.11174,1.11183,72,0,0
1724411160,1.11183,1.1118999999999999,1.11177,1.11188,51,0,0
1724411220,1.11188,1.11189,1.11174,1.11179,84,0,0
1724411280,1.11178,1.11205,1.11177,1.11205,71,0,0
1724411340,1.11205,1.11217,1.11202,1.11217,47,0,0
1724411400,1.11216,1.11223,1.11215,1.1122,51,0,0
1724411460,1.1122,1.11226,1.11216,1.11225,38,0,0
1724411520,1.11225,1.11228,1.11213,1.11217,29,0,0
1724411580,1.11217,1.11218,1.11211,1.11215,31,0,0
1724411640,1.11215,1.11217,1.11198,1.11198,42,0,0
1724411700,1.11198,1.11204,1.11189,1.11189,31,0,0
1724411760,1.11188,1.11195,1.11188,1.11194,31,0,0
1724411820,1.11194,1.11199,1.11187,1.11198,56,0,0
1724411880,1.11197,1.11208,1.11197,1.11208,58,0,0
1724411940,1.1120700000000001,1.1121,1.11197,1.1121,43,0,0
1724412000,1.1121,1.1121,1.11193,1.11201,43,0,0
1724412060,1.11201,1.11202,1.11193,1.11201,35,0,0
1724412120,1.11201,1.11202,1.1118999999999999,1.11191,20,0,0
1724412180,1.11191,1.11197,1.11191,1.11192,9,0,0
1724412240,1.11192,1.11199,1.11187,1.11195,43,0,0
1724412300,1.11194,1.11216,1.11192,1.1121,62,0,0
1724412360,1.1121,1.11225,1.1121,1.11225,46,0,0
1724412420,1.11224,1.11227,1.11221,1.11226,51,0,0
1724412480,1.11226,1.11228,1.11216,1.11219,35,0,0
1724412540,1.11219,1.11226,1.11219,1.11225,58,0,0
1724412600,1.11225,1.11227,1.11214,1.11217,31,0,0
1724412660,1.11217,1.11224,1.1121,1.1121,77,0,0
1724412720,1.1121,1.1121,1.11204,1.11205,43,0,0
1724412780,1.11205,1.1122,1.11204,1.11215,41,0,0
1724412840,1.11215,1.11215,1.11206,1.11209,34,0,0
1724412900,1.11209,1.11213,1.11197,1.11212,47,0,0
1724412960,1.11212,1.11225,1.11211,1.11221,55,0,0
1724413020,1.11222,1.11225,1.11217,1.1122,31,0,0
1724413080,1.11227,1.1123,1.11215,1.11219,61,0,0
1724413140,1.11222,1.11229,1.11218,1.11223,97,0,0
1724413200,1.11223,1.11227,1.11218,1.11227,50,0,0
1724413260,1.11228,1.11231,1.11219,1.11219,24,0,0
1724413320,1.11219,1.11227,1.11219,1.11223,33,0,0
1724413380,1.11223,1.11231,1.11217,1.11227,35,0,0
1724413440,1.11227,1.11229,1.11225,1.11227,55,0,0
1724413500,1.11227,1.11239,1.11227,1.11238,72,0,0
1724413560,1.11238,1.11238,1.11224,1.11231,54,0,0
1724413620,1.11231,1.11237,1.11227,1.11236,53,0,0
1724413680,1.11236,1.11236,1.11228,1.11231,52,0,0
1724413740,1.11232,1.11237,1.1123,1.11234,37,0,0
1724413800,1.11234,1.11239,1.11234,1.11236,18,0,0
1724413860,1.11236,1.11236,1.11225,1.11227,32,0,0
1724413920,1.11227,1.11229,1.1122,1.11229,43,0,0
1724413980,1.11229,1.11236,1.11227,1.11227,76,0,0
1724414040,1.11229,1.11238,1.11222,1.11238,64,0,0
1724414100,1.11238,1.11238,1.11221,1.11222,52,0,0
1724414160,1.11222,1.11225,1.11218,1.11224,57,0,0
1724414220,1.11222,1.11225,1.11212,1.11213,120,0,0
1724414280,1.11212,1.11224,1.11209,1.11224,111,0,0
1724414340,1.11224,1.1123,1.1122,1.1123,80,0,0
1724414400,1.1123,1.11238,1.11227,1.11232,77,0,0
1724414460,1.11231,1.11239,1.11221,1.11228,55,0,0
1724414520,1.11228,1.11231,1.11226,1.11228,36,0,0
1724414580,1.11228,1.11228,1.11222,1.11225,38,0,0
1724414640,1.11225,1.11225,1.11215,1.11218,71,0,0
1724414700,1.11218,1.11222,1.11214,1.11216,71,0,0
1724414760,1.11216,1.11231,1.11213,1.11229,88,0,0
1724414820,1.11228,1.11233,1.11224,1.11229,66,0,0
1724414880,1.11229,1.1123,1.1122,1.11225,81,0,0
1724414940,1.11225,1.11225,1.11215,1.11221,21,0,0
1724415000,1.11221,1.11225,1.11219,1.11224,32,0,0
1724415060,1.11224,1.11225,1.11215,1.11216,26,0,0
1724415120,1.11216,1.11239,1.11216,1.11237,45,0,0
1724415180,1.11237,1.1124,1.11231,1.11238,37,0,0
1724415240,1.11239,1.11241,1.11238,1.11241,43,0,0
1724415300,1.11241,1.11243,1.11239,1.11241,11,0,0
1724415360,1.11241,1.11242,1.11225,1.11227,29,0,0
1724415420,1.11227,1.1124,1.11227,1.11238,26,0,0
1724415480,1.11238,1.11242,1.11237,1.11242,28,0,0
1724415540,1.11242,1.11243,1.11237,1.11239,41,0,0
1724415600,1.11239,1.11253,1.11237,1.11253,39,0,0
1724415660,1.11253,1.1126800000000001,1.1125,1.1126800000000001,70,0,0
1724415720,1.1126800000000001,1.11273,1.11261,1.11262,44,0,0
1724415780,1.11262,1.11262,1.11253,1.11258,17,0,0
1724415840,1.11258,1.1126,1.11249,1.11249,26,0,0
1724415900,1.11249,1.11258,1.11245,1.11258,47,0,0
1724415960,1.11258,1.1126,1.11257,1.11259,26,0,0
1724416020,1.11259,1.11266,1.11257,1.11258,46,0,0
1724416080,1.11258,1.11267,1.11258,1.11263,52,0,0
1724416140,1.11263,1.11263,1.11252,1.11252,47,0,0
1724416200,1.11252,1.11255,1.11243,1.11249,69,0,0
1724416260,1.11249,1.11255,1.11247,1.11255,47,0,0
1724416320,1.11255,1.1126,1.11253,1.11259,38,0,0
1724416380,1.11259,1.11259,1.11246,1.11256,42,0,0
1724416440,1.11256,1.11259,1.11253,1.11258,30,0,0
1724416500,1.11258,1.11258,1.11244,1.1125099999999999,66,0,0
1724416560,1.11252,1.11259,1.1125099999999999,1.11257,21,0,0
1724416620,1.11257,1.11258,1.11252,1.11254,41,0,0
1724416680,1.11254,1.11254,1.11246,1.11247,34,0,0
1724416740,1.11247,1.11256,1.11247,1.1125099999999999,52,0,0
1724416800,1.1125099999999999,1.11254,1.11247,1.11247,54,0,0
1724416860,1.11248,1.11248,1.11227,1.11229,78,0,0
1724416920,1.11229,1.11229,1.11219,1.11223,52,0,0
1724416980,1.11223,1.11227,1.11222,1.11224,44,0,0
1724417040,1.11224,1.11227,1.11218,1.11218,45,0,0
1724417100,1.11219,1.11219,1.11212,1.11217,38,0,0
1724417160,1.11217,1.11221,1.11213,1.11213,34,0,0
1724417220,1.11213,1.11218,1.11213,1.11215,43,0,0
1724417280,1.11215,1.11215,1.11209,1.11212,49,0,0
1724417340,1.11212,1.11212,1.11197,1.11197,23,0,0
1724417400,1.11197,1.11204,1.11193,1.11203,35,0,0
1724417460,1.11203,1.11208,1.11197,1.11197,53,0,0
1724417520,1.11197,1.11201,1.11187,1.11198,54,0,0
1724417580,1.11198,1.11204,1.11188,1.11188,48,0,0
1724417640,1.11188,1.11189,1.11176,1.11179,66,0,0
1724417700,1.11177,1.1118,1.1117,1.11176,48,0,0
1724417760,1.11176,1.11178,1.11168,1.11173,33,0,0
1724417820,1.11173,1.11179,1.11173,1.11176,40,0,0
1724417880,1.11176,1.11181,1.11173,1.11178,38,0,0
1724417940,1.11178,1.11182,1.11171,1.11173,43,0,0
1724418000,1.11173,1.11173,1.11167,1.11168,26,0,0
1724418060,1.11168,1.11169,1.11156,1.11158,36,0,0
1724418120,1.11158,1.11166,1.11158,1.11161,28,0,0
1724418180,1.11162,1.11162,1.11154,1.11162,47,0,0
1724418240,1.11162,1.11167,1.1116,1.1116,22,0,0
1724418300,1.1116,1.11178,1.11158,1.11175,65,0,0
1724418360,1.11175,1.11188,1.11175,1.11187,46,0,0
1724418420,1.11186,1.11199,1.11185,1.11198,28,0,0
1724418480,1.11198,1.11203,1.11198,1.11202,42,0,0
1724418540,1.11203,1.11211,1.11203,1.11206,46,0,0
1724418600,1.11206,1.11217,1.112,1.11201,75,0,0
1724418660,1.112,1.112,1.11186,1.11188,29,0,0
1724418720,1.11188,1.11195,1.11186,1.11187,32,0,0
1724418780,1.11187,1.11191,1.11184,1.11186,51,0,0
1724418840,1.11185,1.1118999999999999,1.11174,1.11178,28,0,0
1724418900,1.11178,1.11178,1.11171,1.11171,32,0,0
1724418960,1.11171,1.1118,1.1117,1.11179,49,0,0
1724419020,1.11179,1.11185,1.11177,1.11179,46,0,0
1724419080,1.11179,1.11179,1.11157,1.11159,71,0,0
1724419140,1.11159,1.11161,1.11153,1.11161,30,0,0
1724419200,1.1116,1.11168,1.11158,1.11168,41,0,0
1724419260,1.11168,1.11172,1.11168,1.11168,51,0,0
1724419320,1.11168,1.11169,1.11163,1.11163,25,0,0
1724419380,1.11163,1.11169,1.1116,1.11169,44,0,0
1724419440,1.11169,1.11169,1.11161,1.11165,20,0,0
1724419500,1.11165,1.11175,1.11165,1.11175,20,0,0
1724419560,1.11175,1.1118,1.11174,1.11179,22,0,0
1724419620,1.11179,1.11179,1.11167,1.11168,18,0,0
1724419680,1.11168,1.1117,1.11163,1.11164,22,0,0
1724419740,1.11164,1.11167,1.11162,1.11164,45,0,0
1724419800,1.11164,1.11172,1.1116,1.11172,30,0,0
1724419860,1.11172,1.11176,1.11169,1.11169,16,0,0
1724419920,1.11169,1.11173,1.11167,1.11172,24,0,0
1724419980,1.11172,1.11172,1.11167,1.11167,10,0,0
1724420040,1.11167,1.11176,1.11167,1.11174,26,0,0
1724420100,1.11174,1.11185,1.11173,1.11181,44,0,0
1724420160,1.11181,1.11183,1.1118,1.1118,18,0,0
1724420220,1.1118,1.1118,1.11171,1.11174,28,0,0
1724420280,1.11174,1.11188,1.11174,1.11186,27,0,0
1724420340,1.11186,1.11191,1.11184,1.1118999999999999,15,0,0
1724420400,1.1118999999999999,1.1118999999999999,1.11177,1.11178,14,0,0
1724420460,1.11178,1.11198,1.11178,1.11198,35,0,0
1724420520,1.11198,1.11198,1.11191,1.11195,23,0,0
1724420580,1.11195,1.11196,1.11193,1.11195,22,0,0
1724420640,1.11195,1.11213,1.11195,1.11213,50,0,0
1724420700,1.11213,1.1122,1.11211,1.1122,38,0,0
1724420760,1.1122,1.11226,1.11217,1.11225,46,0,0
1724420820,1.11225,1.11233,1.11224,1.11229,34,0,0
1724420880,1.11229,1.11234,1.11225,1.11225,16,0,0
1724420940,1.11225,1.11225,1.11202,1.11208,56,0,0
1724421000,1.11209,1.11215,1.11205,1.11215,64,0,0
1724421060,1.11215,1.11225,1.11215,1.11216,42,0,0
1724421120,1.11216,1.1122,1.11212,1.11213,34,0,0
1724421180,1.11213,1.11215,1.11203,1.11203,56,0,0
1724421240,1.11203,1.11205,1.11199,1.11204,50,0,0
1724421300,1.11204,1.11206,1.11197,1.11205,49,0,0
1724421360,1.11205,1.11213,1.11201,1.11201,42,0,0
1724421420,1.11201,1.11209,1.11201,1.11204,31,0,0
1724421480,1.11204,1.11205,1.112,1.11201,44,0,0
1724421540,1.11201,1.11202,1.11197,1.11197,28,0,0
1724421600,1.11197,1.11197,1.11182,1.11183,74,0,0
1724421660,1.11183,1.11199,1.11183,1.11199,42,0,0
1724421720,1.11199,1.11211,1.11198,1.11211,52,0,0
1724421780,1.11211,1.11211,1.11187,1.11187,29,0,0
1724421840,1.11187,1.11197,1.11187,1.11194,68,0,0
1724421900,1.11194,1.11194,1.11167,1.11167,38,0,0
1724421960,1.11167,1.11167,1.1115,1.1115,43,0,0
1724422020,1.11151,1.11155,1.11147,1.11149,40,0,0
1724422080,1.11148,1.11164,1.11148,1.11159,63,0,0
1724422140,1.11159,1.11164,1.11152,1.11153,64,0,0
1724422200,1.11153,1.11163,1.11152,1.11162,58,0,0
1724422260,1.11162,1.11168,1.11158,1.11159,45,0,0
1724422320,1.11159,1.11161,1.11154,1.11158,49,0,0
1724422380,1.11158,1.11158,1.1114600000000001,1.1114600000000001,21,0,0
1724422440,1.1114600000000001,1.11154,1.11144,1.11152,46,0,0
1724422500,1.11152,1.11167,1.11152,1.11167,47,0,0
1724422560,1.11167,1.11168,1.11162,1.11162,27,0,0
1724422620,1.11162,1.11165,1.11162,1.11162,38,0,0
1724422680,1.11162,1.11168,1.1116,1.11162,16,0,0
1724422740,1.11163,1.11164,1.11153,1.11153,27,0,0
1724422800,1.11153,1.11153,1.11149,1.11149,18,0,0
1724422860,1.1115,1.11152,1.11131,1.11137,25,0,0
1724422920,1.11137,1.11151,1.11131,1.1115,89,0,0
1724422980,1.1115,1.11154,1.1115,1.11153,14,0,0
1724423040,1.11153,1.11159,1.11143,1.11143,23,0,0
1724423100,1.11143,1.11143,1.11125,1.11135,37,0,0
1724423160,1.11135,1.11139,1.11127,1.11139,31,0,0
1724423220,1.11139,1.1114,1.11124,1.11125,42,0,0
1724423280,1.11125,1.11129,1.11116,1.11125,29,0,0
1724423340,1.11125,1.11129,1.11121,1.11122,31,0,0
1724423400,1.11123,1.11131,1.11113,1.1112,77,0,0
1724423460,1.1112,1.11126,1.11113,1.11113,34,0,0
1724423520,1.11113,1.11121,1.11111,1.11112,53,0,0
1724423580,1.11112,1.11113,1.11111,1.11112,23,0,0
1724423640,1.11112,1.1112,1.11111,1.1112,56,0,0
1724423700,1.1112,1.11135,1.11119,1.11134,65,0,0
1724423760,1.11134,1.11139,1.11128,1.11129,25,0,0
1724423820,1.11129,1.11134,1.11127,1.11132,45,0,0
1724423880,1.11132,1.11139,1.1113,1.11139,22,0,0
1724423940,1.11139,1.1114,1.1113,1.11133,39,0,0
1724424000,1.11134,1.11135,1.1113,1.11135,50,0,0
1724424060,1.11135,1.11138,1.11134,1.11135,31,0,0
1724424120,1.11135,1.11154,1.11134,1.11154,26,0,0
1724424180,1.11154,1.11155,1.1114600000000001,1.11154,50,0,0
1724424240,1.11154,1.11172,1.11154,1.1117,36,0,0
1724424300,1.1117,1.11177,1.11168,1.11176,41,0,0
1724424360,1.11176,1.11184,1.11174,1.11181,30,0,0
1724424420,1.11181,1.11192,1.11179,1.11187,40,0,0
1724424480,1.11187,1.11189,1.11176,1.11176,52,0,0
1724424540,1.11176,1.11182,1.11173,1.11179,31,0,0
1724424600,1.11179,1.11184,1.11174,1.11174,21,0,0
1724424660,1.11174,1.1118999999999999,1.11168,1.11189,28,0,0
1724424720,1.11189,1.11198,1.11185,1.11197,27,0,0
1724424780,1.11197,1.11204,1.11189,1.11195,59,0,0
1724424840,1.11195,1.11196,1.11187,1.11195,30,0,0
1724424900,1.11195,1.11208,1.11192,1.11199,47,0,0
1724424960,1.11199,1.11205,1.11197,1.11203,43,0,0
1724425020,1.11203,1.11203,1.11194,1.112,46,0,0
1724425080,1.11201,1.11206,1.11198,1.11205,63,0,0
1724425140,1.11205,1.11206,1.11189,1.11191,79,0,0
1724425200,1.11191,1.11197,1.11185,1.11196,83,0,0
1724425260,1.11196,1.11199,1.11188,1.11194,63,0,0
1724425320,1.11194,1.1121,1.11189,1.11205,65,0,0
1724425380,1.11205,1.1121,1.11198,1.11209,56,0,0
1724425440,1.11209,1.1121,1.11199,1.11202,51,0,0
1724425500,1.11202,1.11211,1.11193,1.11209,35,0,0
1724425560,1.11209,1.11218,1.11208,1.11214,46,0,0
1724425620,1.11215,1.11221,1.11214,1.1122,44,0,0
1724425680,1.1122,1.11222,1.11218,1.11221,51,0,0
1724425740,1.11222,1.11222,1.11211,1.11213,36,0,0
1724425800,1.11213,1.11221,1.11212,1.11219,39,0,0
1724425860,1.11219,1.11228,1.11212,1.11228,54,0,0
1724425920,1.11228,1.11229,1.11226,1.11228,29,0,0
1724425980,1.11228,1.11228,1.11216,1.11224,55,0,0
1724426040,1.11224,1.11225,1.11218,1.11224,53,0,0
1724426100,1.11224,1.11225,1.11212,1.11218,56,0,0
1724426160,1.11218,1.11218,1.11197,1.1120700000000001,67,0,0
1724426220,1.1120700000000001,1.11208,1.11197,1.11203,81,0,0
1724426280,1.11203,1.1120700000000001,1.11202,1.11205,49,0,0
1724426340,1.11205,1.11219,1.11205,1.11219,53,0,0
1724426400,1.11219,1.11219,1.11182,1.11184,80,0,0
1724426460,1.11187,1.11188,1.11172,1.11174,85,0,0
1724426520,1.11174,1.11174,1.1116,1.11165,63,0,0
1724426580,1.11164,1.11168,1.1115,1.11151,76,0,0
1724426640,1.11151,1.11152,1.11135,1.11139,65,0,0
1724426700,1.11139,1.11139,1.11113,1.11114,57,0,0
1724426760,1.11114,1.11141,1.11114,1.11136,44,0,0
1724426820,1.11136,1.11147,1.11131,1.1114,39,0,0
1724426880,1.11142,1.11142,1.11133,1.11136,30,0,0
1724426940,1.11136,1.1115,1.11131,1.11148,64,0,0
1724427000,1.11147,1.11155,1.1114600000000001,1.11153,43,0,0
1724427060,1.11154,1.11158,1.11143,1.11153,38,0,0
1724427120,1.11153,1.11155,1.11143,1.11143,37,0,0
1724427180,1.11143,1.11153,1.11143,1.11153,67,0,0
1724427240,1.11153,1.11156,1.11139,1.11139,37,0,0
1724427300,1.11139,1.11141,1.11128,1.11132,53,0,0
1724427360,1.11132,1.11137,1.11127,1.11127,38,0,0
1724427420,1.11127,1.11142,1.11125,1.11142,39,0,0
1724427480,1.11142,1.11145,1.1114,1.1114,32,0,0
1724427540,1.1114,1.11143,1.11138,1.11142,63,0,0
1724427600,1.11142,1.11153,1.11142,1.1114600000000001,79,0,0
1724427660,1.1114600000000001,1.11156,1.1114600000000001,1.11152,76,0,0
1724427720,1.11152,1.11157,1.11147,1.11153,81,0,0
1724427780,1.11154,1.11167,1.11152,1.11154,57,0,0
1724427840,1.11153,1.11153,1.11137,1.11138,44,0,0
1724427900,1.11139,1.11139,1.11123,1.11127,47,0,0
1724427960,1.11128,1.11133,1.11117,1.11122,69,0,0
1724428020,1.11122,1.11139,1.11121,1.11138,112,0,0
1724428080,1.11139,1.1114,1.11127,1.11139,77,0,0
1724428140,1.11139,1.11149,1.11139,1.11148,50,0,0
1724428200,1.11148,1.11159,1.11147,1.11153,45,0,0
